ProductKey,ProductItemCode,ProductName,ProductColor,ProductSize,ProductModel,ProductSubcategory,ProductCategory,ProductStatus
1,AR-5381,Adjustable Race,NA,Unknown,Unknown,Unknown,Unknown,Current
2,BA-8327,Bearing Ball,NA,Unknown,Unknown,Unknown,Unknown,Current
3,BE-2349,BB Ball Bearing,NA,Unknown,Unknown,Unknown,Unknown,Current
4,BE-2908,Headset Ball Bearings,NA,Unknown,Unknown,Unknown,Unknown,Current
5,BL-2036,Blade,NA,Unknown,Unknown,Unknown,Unknown,Current
6,CA-5965,LL Crankarm,Black,Unknown,Unknown,Unknown,Unknown,Current
7,CA-6738,ML Crankarm,Black,Unknown,Unknown,Unknown,Unknown,Current
8,CA-7457,HL Crankarm,Black,Unknown,Unknown,Unknown,Unknown,Current
9,CB-2903,Chainring Bolts,Silver,Unknown,Unknown,Unknown,Unknown,Current
10,CN-6137,Chainring Nut,Silver,Unknown,Unknown,Unknown,Unknown,Current
11,CR-7833,Chainring,Black,Unknown,Unknown,Unknown,Unknown,Current
12,CR-9981,Crown Race,NA,Unknown,Unknown,Unknown,Unknown,Current
13,CS-2812,Chain Stays,NA,Unknown,Unknown,Unknown,Unknown,Current
14,DC-8732,Decal 1,NA,Unknown,Unknown,Unknown,Unknown,Current
15,DC-9824,Decal 2,NA,Unknown,Unknown,Unknown,Unknown,Current
16,DT-2377,Down Tube,NA,Unknown,Unknown,Unknown,Unknown,Current
17,EC-M092,Mountain End Caps,NA,Unknown,Unknown,Unknown,Unknown,Current
18,EC-R098,Road End Caps,NA,Unknown,Unknown,Unknown,Unknown,Current
19,EC-T209,Touring End Caps,NA,Unknown,Unknown,Unknown,Unknown,Current
20,FE-3760,Fork End,NA,Unknown,Unknown,Unknown,Unknown,Current
21,FH-2981,Freewheel,Silver,Unknown,Unknown,Unknown,Unknown,Current
22,FW-1000,Flat Washer 1,NA,Unknown,Unknown,Unknown,Unknown,Current
23,FW-1200,Flat Washer 6,NA,Unknown,Unknown,Unknown,Unknown,Current
24,FW-1400,Flat Washer 2,NA,Unknown,Unknown,Unknown,Unknown,Current
25,FW-3400,Flat Washer 9,NA,Unknown,Unknown,Unknown,Unknown,Current
26,FW-3800,Flat Washer 4,NA,Unknown,Unknown,Unknown,Unknown,Current
27,FW-5160,Flat Washer 3,NA,Unknown,Unknown,Unknown,Unknown,Current
28,FW-5800,Flat Washer 8,NA,Unknown,Unknown,Unknown,Unknown,Current
29,FW-7160,Flat Washer 5,NA,Unknown,Unknown,Unknown,Unknown,Current
30,FW-9160,Flat Washer 7,NA,Unknown,Unknown,Unknown,Unknown,Current
31,FC-3654,Fork Crown,NA,Unknown,Unknown,Unknown,Unknown,Current
32,FC-3982,Front Derailleur Cage,Silver,Unknown,Unknown,Unknown,Unknown,Current
33,FL-2301,Front Derailleur Linkage,Silver,Unknown,Unknown,Unknown,Unknown,Current
34,GP-0982,Guide Pulley,NA,Unknown,Unknown,Unknown,Unknown,Current
35,GT-0820,LL Grip Tape,NA,Unknown,Unknown,Unknown,Unknown,Current
36,GT-1209,ML Grip Tape,NA,Unknown,Unknown,Unknown,Unknown,Current
37,GT-2908,HL Grip Tape,NA,Unknown,Unknown,Unknown,Unknown,Current
38,HJ-1213,Thin-Jam Hex Nut 9,NA,Unknown,Unknown,Unknown,Unknown,Current
39,HJ-1220,Thin-Jam Hex Nut 10,NA,Unknown,Unknown,Unknown,Unknown,Current
40,HJ-1420,Thin-Jam Hex Nut 1,NA,Unknown,Unknown,Unknown,Unknown,Current
41,HJ-1428,Thin-Jam Hex Nut 2,NA,Unknown,Unknown,Unknown,Unknown,Current
42,HJ-3410,Thin-Jam Hex Nut 15,NA,Unknown,Unknown,Unknown,Unknown,Current
43,HJ-3416,Thin-Jam Hex Nut 16,NA,Unknown,Unknown,Unknown,Unknown,Current
44,HJ-3816,Thin-Jam Hex Nut 5,NA,Unknown,Unknown,Unknown,Unknown,Current
45,HJ-3824,Thin-Jam Hex Nut 6,NA,Unknown,Unknown,Unknown,Unknown,Current
46,HJ-5161,Thin-Jam Hex Nut 3,NA,Unknown,Unknown,Unknown,Unknown,Current
47,HJ-5162,Thin-Jam Hex Nut 4,NA,Unknown,Unknown,Unknown,Unknown,Current
48,HJ-5811,Thin-Jam Hex Nut 13,NA,Unknown,Unknown,Unknown,Unknown,Current
49,HJ-5818,Thin-Jam Hex Nut 14,NA,Unknown,Unknown,Unknown,Unknown,Current
50,HJ-7161,Thin-Jam Hex Nut 7,NA,Unknown,Unknown,Unknown,Unknown,Current
51,HJ-7162,Thin-Jam Hex Nut 8,NA,Unknown,Unknown,Unknown,Unknown,Current
52,HJ-9080,Thin-Jam Hex Nut 12,NA,Unknown,Unknown,Unknown,Unknown,Current
53,HJ-9161,Thin-Jam Hex Nut 11,NA,Unknown,Unknown,Unknown,Unknown,Current
54,HN-1024,Hex Nut 5,NA,Unknown,Unknown,Unknown,Unknown,Current
55,HN-1032,Hex Nut 6,NA,Unknown,Unknown,Unknown,Unknown,Current
56,HN-1213,Hex Nut 16,NA,Unknown,Unknown,Unknown,Unknown,Current
57,HN-1220,Hex Nut 17,NA,Unknown,Unknown,Unknown,Unknown,Current
58,HN-1224,Hex Nut 7,NA,Unknown,Unknown,Unknown,Unknown,Current
59,HN-1420,Hex Nut 8,NA,Unknown,Unknown,Unknown,Unknown,Current
60,HN-1428,Hex Nut 9,NA,Unknown,Unknown,Unknown,Unknown,Current
61,HN-3410,Hex Nut 22,NA,Unknown,Unknown,Unknown,Unknown,Current
62,HN-3416,Hex Nut 23,NA,Unknown,Unknown,Unknown,Unknown,Current
63,HN-3816,Hex Nut 12,NA,Unknown,Unknown,Unknown,Unknown,Current
64,HN-3824,Hex Nut 13,NA,Unknown,Unknown,Unknown,Unknown,Current
65,HN-4402,Hex Nut 1,NA,Unknown,Unknown,Unknown,Unknown,Current
66,HN-5161,Hex Nut 10,NA,Unknown,Unknown,Unknown,Unknown,Current
67,HN-5162,Hex Nut 11,NA,Unknown,Unknown,Unknown,Unknown,Current
68,HN-5400,Hex Nut 2,NA,Unknown,Unknown,Unknown,Unknown,Current
69,HN-5811,Hex Nut 20,NA,Unknown,Unknown,Unknown,Unknown,Current
70,HN-5818,Hex Nut 21,NA,Unknown,Unknown,Unknown,Unknown,Current
71,HN-6320,Hex Nut 3,NA,Unknown,Unknown,Unknown,Unknown,Current
72,HN-7161,Hex Nut 14,NA,Unknown,Unknown,Unknown,Unknown,Current
73,HN-7162,Hex Nut 15,NA,Unknown,Unknown,Unknown,Unknown,Current
74,HN-8320,Hex Nut 4,NA,Unknown,Unknown,Unknown,Unknown,Current
75,HN-9161,Hex Nut 18,NA,Unknown,Unknown,Unknown,Unknown,Current
76,HN-9168,Hex Nut 19,NA,Unknown,Unknown,Unknown,Unknown,Current
77,HT-2981,Handlebar Tube,NA,Unknown,Unknown,Unknown,Unknown,Current
78,HT-8019,Head Tube,NA,Unknown,Unknown,Unknown,Unknown,Current
79,HU-6280,LL Hub,NA,Unknown,Unknown,Unknown,Unknown,Current
80,HU-8998,HL Hub,NA,Unknown,Unknown,Unknown,Unknown,Current
81,KW-4091,Keyed Washer,NA,Unknown,Unknown,Unknown,Unknown,Current
82,LE-1000,External Lock Washer 3,NA,Unknown,Unknown,Unknown,Unknown,Current
83,LE-1200,External Lock Washer 4,NA,Unknown,Unknown,Unknown,Unknown,Current
84,LE-1201,External Lock Washer 9,NA,Unknown,Unknown,Unknown,Unknown,Current
85,LE-1400,External Lock Washer 5,NA,Unknown,Unknown,Unknown,Unknown,Current
86,LE-3800,External Lock Washer 7,NA,Unknown,Unknown,Unknown,Unknown,Current
87,LE-5160,External Lock Washer 6,NA,Unknown,Unknown,Unknown,Unknown,Current
88,LE-6000,External Lock Washer 1,NA,Unknown,Unknown,Unknown,Unknown,Current
89,LE-7160,External Lock Washer 8,NA,Unknown,Unknown,Unknown,Unknown,Current
90,LE-8000,External Lock Washer 2,NA,Unknown,Unknown,Unknown,Unknown,Current
91,LI-1000,Internal Lock Washer 3,NA,Unknown,Unknown,Unknown,Unknown,Current
92,LI-1200,Internal Lock Washer 4,NA,Unknown,Unknown,Unknown,Unknown,Current
93,LI-1201,Internal Lock Washer 9,NA,Unknown,Unknown,Unknown,Unknown,Current
94,LI-1400,Internal Lock Washer 5,NA,Unknown,Unknown,Unknown,Unknown,Current
95,LI-3800,Internal Lock Washer 7,NA,Unknown,Unknown,Unknown,Unknown,Current
96,LI-5160,Internal Lock Washer 6,NA,Unknown,Unknown,Unknown,Unknown,Current
97,LI-5800,Internal Lock Washer 10,NA,Unknown,Unknown,Unknown,Unknown,Current
98,LI-6000,Internal Lock Washer 1,NA,Unknown,Unknown,Unknown,Unknown,Current
99,LI-7160,Internal Lock Washer 8,NA,Unknown,Unknown,Unknown,Unknown,Current
100,LI-8000,Internal Lock Washer 2,NA,Unknown,Unknown,Unknown,Unknown,Current
101,LJ-1213,Thin-Jam Lock Nut 9,NA,Unknown,Unknown,Unknown,Unknown,Current
102,LJ-1220,Thin-Jam Lock Nut 10,NA,Unknown,Unknown,Unknown,Unknown,Current
103,LJ-1420,Thin-Jam Lock Nut 1,NA,Unknown,Unknown,Unknown,Unknown,Current
104,LJ-1428,Thin-Jam Lock Nut 2,NA,Unknown,Unknown,Unknown,Unknown,Current
105,LJ-3410,Thin-Jam Lock Nut 15,NA,Unknown,Unknown,Unknown,Unknown,Current
106,LJ-3416,Thin-Jam Lock Nut 16,NA,Unknown,Unknown,Unknown,Unknown,Current
107,LJ-3816,Thin-Jam Lock Nut 5,NA,Unknown,Unknown,Unknown,Unknown,Current
108,LJ-3824,Thin-Jam Lock Nut 6,NA,Unknown,Unknown,Unknown,Unknown,Current
109,LJ-5161,Thin-Jam Lock Nut 3,NA,Unknown,Unknown,Unknown,Unknown,Current
110,LJ-5162,Thin-Jam Lock Nut 4,NA,Unknown,Unknown,Unknown,Unknown,Current
111,LJ-5811,Thin-Jam Lock Nut 13,NA,Unknown,Unknown,Unknown,Unknown,Current
112,LJ-5818,Thin-Jam Lock Nut 14,NA,Unknown,Unknown,Unknown,Unknown,Current
113,LJ-7161,Thin-Jam Lock Nut 7,NA,Unknown,Unknown,Unknown,Unknown,Current
114,LJ-7162,Thin-Jam Lock Nut 8,NA,Unknown,Unknown,Unknown,Unknown,Current
115,LJ-9080,Thin-Jam Lock Nut 12,NA,Unknown,Unknown,Unknown,Unknown,Current
116,LJ-9161,Thin-Jam Lock Nut 11,NA,Unknown,Unknown,Unknown,Unknown,Current
117,LN-1024,Lock Nut 5,NA,Unknown,Unknown,Unknown,Unknown,Current
118,LN-1032,Lock Nut 6,NA,Unknown,Unknown,Unknown,Unknown,Current
119,LN-1213,Lock Nut 16,NA,Unknown,Unknown,Unknown,Unknown,Current
120,LN-1220,Lock Nut 17,NA,Unknown,Unknown,Unknown,Unknown,Current
121,LN-1224,Lock Nut 7,NA,Unknown,Unknown,Unknown,Unknown,Current
122,LN-1420,Lock Nut 8,NA,Unknown,Unknown,Unknown,Unknown,Current
123,LN-1428,Lock Nut 9,NA,Unknown,Unknown,Unknown,Unknown,Current
124,LN-3410,Lock Nut 22,NA,Unknown,Unknown,Unknown,Unknown,Current
125,LN-3416,Lock Nut 23,NA,Unknown,Unknown,Unknown,Unknown,Current
126,LN-3816,Lock Nut 12,NA,Unknown,Unknown,Unknown,Unknown,Current
127,LN-3824,Lock Nut 13,NA,Unknown,Unknown,Unknown,Unknown,Current
128,LN-4400,Lock Nut 1,NA,Unknown,Unknown,Unknown,Unknown,Current
129,LN-5161,Lock Nut 10,NA,Unknown,Unknown,Unknown,Unknown,Current
130,LN-5162,Lock Nut 11,NA,Unknown,Unknown,Unknown,Unknown,Current
131,LN-5400,Lock Nut 2,NA,Unknown,Unknown,Unknown,Unknown,Current
132,LN-5811,Lock Nut 20,NA,Unknown,Unknown,Unknown,Unknown,Current
133,LN-5818,Lock Nut 21,NA,Unknown,Unknown,Unknown,Unknown,Current
134,LN-6320,Lock Nut 3,NA,Unknown,Unknown,Unknown,Unknown,Current
135,LN-7161,Lock Nut 14,NA,Unknown,Unknown,Unknown,Unknown,Current
136,LN-7162,Lock Nut 15,NA,Unknown,Unknown,Unknown,Unknown,Current
137,LN-8320,Lock Nut 4,NA,Unknown,Unknown,Unknown,Unknown,Current
138,LN-9080,Lock Nut 19,NA,Unknown,Unknown,Unknown,Unknown,Current
139,LN-9161,Lock Nut 18,NA,Unknown,Unknown,Unknown,Unknown,Current
140,LR-2398,Lock Ring,Silver,Unknown,Unknown,Unknown,Unknown,Current
141,LR-8520,Lower Head Race,NA,Unknown,Unknown,Unknown,Unknown,Current
142,LW-1000,Lock Washer 4,NA,Unknown,Unknown,Unknown,Unknown,Current
143,LW-1200,Lock Washer 5,NA,Unknown,Unknown,Unknown,Unknown,Current
144,LW-1201,Lock Washer 10,NA,Unknown,Unknown,Unknown,Unknown,Current
145,LW-1400,Lock Washer 6,NA,Unknown,Unknown,Unknown,Unknown,Current
146,LW-3400,Lock Washer 13,NA,Unknown,Unknown,Unknown,Unknown,Current
147,LW-3800,Lock Washer 8,NA,Unknown,Unknown,Unknown,Unknown,Current
148,LW-4000,Lock Washer 1,NA,Unknown,Unknown,Unknown,Unknown,Current
149,LW-5160,Lock Washer 7,NA,Unknown,Unknown,Unknown,Unknown,Current
150,LW-5800,Lock Washer 12,NA,Unknown,Unknown,Unknown,Unknown,Current
151,LW-6000,Lock Washer 2,NA,Unknown,Unknown,Unknown,Unknown,Current
152,LW-7160,Lock Washer 9,NA,Unknown,Unknown,Unknown,Unknown,Current
153,LW-8000,Lock Washer 3,NA,Unknown,Unknown,Unknown,Unknown,Current
154,LW-9160,Lock Washer 11,NA,Unknown,Unknown,Unknown,Unknown,Current
155,MA-7075,Metal Angle,NA,Unknown,Unknown,Unknown,Unknown,Current
156,MB-2024,Metal Bar 1,NA,Unknown,Unknown,Unknown,Unknown,Current
157,MB-6061,Metal Bar 2,NA,Unknown,Unknown,Unknown,Unknown,Current
158,MP-2066,Metal Plate 2,NA,Unknown,Unknown,Unknown,Unknown,Current
159,MP-2503,Metal Plate 1,NA,Unknown,Unknown,Unknown,Unknown,Current
160,MP-4960,Metal Plate 3,NA,Unknown,Unknown,Unknown,Unknown,Current
161,MS-0253,Metal Sheet 2,NA,Unknown,Unknown,Unknown,Unknown,Current
162,MS-1256,Metal Sheet 3,NA,Unknown,Unknown,Unknown,Unknown,Current
163,MS-1981,Metal Sheet 7,NA,Unknown,Unknown,Unknown,Unknown,Current
164,MS-2259,Metal Sheet 4,NA,Unknown,Unknown,Unknown,Unknown,Current
165,MS-2341,Metal Sheet 5,NA,Unknown,Unknown,Unknown,Unknown,Current
166,MS-2348,Metal Sheet 6,NA,Unknown,Unknown,Unknown,Unknown,Current
167,MS-6061,Metal Sheet 1,NA,Unknown,Unknown,Unknown,Unknown,Current
168,MT-1000,Metal Tread Plate,NA,Unknown,Unknown,Unknown,Unknown,Current
169,NI-4127,LL Nipple,NA,Unknown,Unknown,Unknown,Unknown,Current
170,NI-9522,HL Nipple,NA,Unknown,Unknown,Unknown,Unknown,Current
171,PA-187B,Paint - Black,NA,Unknown,Unknown,Unknown,Unknown,Current
172,PA-361R,Paint - Red,NA,Unknown,Unknown,Unknown,Unknown,Current
173,PA-529S,Paint - Silver,NA,Unknown,Unknown,Unknown,Unknown,Current
174,PA-632U,Paint - Blue,NA,Unknown,Unknown,Unknown,Unknown,Current
175,PA-823Y,Paint - Yellow,NA,Unknown,Unknown,Unknown,Unknown,Current
176,PB-6109,Pinch Bolt,NA,Unknown,Unknown,Unknown,Unknown,Current
177,RA-2345,Cup-Shaped Race,NA,Unknown,Unknown,Unknown,Unknown,Current
178,RA-7490,Cone-Shaped Race,NA,Unknown,Unknown,Unknown,Unknown,Current
179,RF-9198,Reflector,NA,Unknown,Unknown,Unknown,Unknown,Current
180,RM-M464,LL Mountain Rim,NA,Unknown,Unknown,Unknown,Unknown,Current
181,RM-M692,ML Mountain Rim,NA,Unknown,Unknown,Unknown,Unknown,Current
182,RM-M823,HL Mountain Rim,NA,Unknown,Unknown,Unknown,Unknown,Current
183,RM-R436,LL Road Rim,NA,Unknown,Unknown,Unknown,Unknown,Current
184,RM-R600,ML Road Rim,NA,Unknown,Unknown,Unknown,Unknown,Current
185,RM-R800,HL Road Rim,NA,Unknown,Unknown,Unknown,Unknown,Current
186,RM-T801,Touring Rim,NA,Unknown,Unknown,Unknown,Unknown,Current
187,SA-M198,LL Mountain Seat Assembly,NA,Unknown,Unknown,Unknown,Unknown,Current
188,SA-M237,ML Mountain Seat Assembly,NA,Unknown,Unknown,Unknown,Unknown,Current
189,SA-M687,HL Mountain Seat Assembly,NA,Unknown,Unknown,Unknown,Unknown,Current
190,SA-R127,LL Road Seat Assembly,NA,Unknown,Unknown,Unknown,Unknown,Current
191,SA-R430,ML Road Seat Assembly,NA,Unknown,Unknown,Unknown,Unknown,Current
192,SA-R522,HL Road Seat Assembly,NA,Unknown,Unknown,Unknown,Unknown,Current
193,SA-T467,LL Touring Seat Assembly,NA,Unknown,Unknown,Unknown,Unknown,Current
194,SA-T612,ML Touring Seat Assembly,NA,Unknown,Unknown,Unknown,Unknown,Current
195,SA-T872,HL Touring Seat Assembly,NA,Unknown,Unknown,Unknown,Unknown,Current
196,SD-2342,LL Spindle/Axle,NA,Unknown,Unknown,Unknown,Unknown,Current
197,SD-9872,HL Spindle/Axle,NA,Unknown,Unknown,Unknown,Unknown,Current
198,SH-4562,LL Shell,NA,Unknown,Unknown,Unknown,Unknown,Current
199,SH-9312,HL Shell,NA,Unknown,Unknown,Unknown,Unknown,Current
200,SK-9283,Spokes,NA,Unknown,Unknown,Unknown,Unknown,Current
201,SL-0931,Seat Lug,NA,Unknown,Unknown,Unknown,Unknown,Current
202,SM-9087,Stem,NA,Unknown,Unknown,Unknown,Unknown,Current
203,SP-2981,Seat Post,NA,Unknown,Unknown,Unknown,Unknown,Current
204,SR-2098,Steerer,NA,Unknown,Unknown,Unknown,Unknown,Current
205,SS-2985,Seat Stays,NA,Unknown,Unknown,Unknown,Unknown,Current
206,ST-9828,Seat Tube,NA,Unknown,Unknown,Unknown,Unknown,Current
207,TO-2301,Top Tube,NA,Unknown,Unknown,Unknown,Unknown,Current
208,TP-0923,Tension Pulley,NA,Unknown,Unknown,Unknown,Unknown,Current
209,RC-0291,Rear Derailleur Cage,Silver,Unknown,Unknown,Unknown,Unknown,Current
210,FR-R92B-58,"HL Road Frame - Black, 58",Black,58,HL Road Frame,Road Frames,Components,Current
211,FR-R92R-58,"HL Road Frame - Red, 58",Red,58,HL Road Frame,Road Frames,Components,Current
212,HL-U509-R,"Sport-100 Helmet, Red",Red,Unknown,Sport-100,Helmets,Accessories,OutDate
213,HL-U509-R,"Sport-100 Helmet, Red",Red,Unknown,Sport-100,Helmets,Accessories,OutDate
214,HL-U509-R,"Sport-100 Helmet, Red",Red,Unknown,Sport-100,Helmets,Accessories,Current
215,HL-U509,"Sport-100 Helmet, Black",Black,Unknown,Sport-100,Helmets,Accessories,OutDate
216,HL-U509,"Sport-100 Helmet, Black",Black,Unknown,Sport-100,Helmets,Accessories,OutDate
217,HL-U509,"Sport-100 Helmet, Black",Black,Unknown,Sport-100,Helmets,Accessories,Current
218,SO-B909-M,"Mountain Bike Socks, M",White,M,Mountain Bike Socks,Socks,Clothing,OutDate
219,SO-B909-L,"Mountain Bike Socks, L",White,L,Mountain Bike Socks,Socks,Clothing,OutDate
220,HL-U509-B,"Sport-100 Helmet, Blue",Blue,Unknown,Sport-100,Helmets,Accessories,OutDate
221,HL-U509-B,"Sport-100 Helmet, Blue",Blue,Unknown,Sport-100,Helmets,Accessories,OutDate
222,HL-U509-B,"Sport-100 Helmet, Blue",Blue,Unknown,Sport-100,Helmets,Accessories,Current
223,CA-1098,AWC Logo Cap,Multi,Unknown,Cycling Cap,Caps,Clothing,OutDate
224,CA-1098,AWC Logo Cap,Multi,Unknown,Cycling Cap,Caps,Clothing,OutDate
225,CA-1098,AWC Logo Cap,Multi,Unknown,Cycling Cap,Caps,Clothing,Current
226,LJ-0192-S,"Long-Sleeve Logo Jersey, S",Multi,S,Long-Sleeve Logo Jersey,Jerseys,Clothing,OutDate
227,LJ-0192-S,"Long-Sleeve Logo Jersey, S",Multi,S,Long-Sleeve Logo Jersey,Jerseys,Clothing,OutDate
228,LJ-0192-S,"Long-Sleeve Logo Jersey, S",Multi,S,Long-Sleeve Logo Jersey,Jerseys,Clothing,Current
229,LJ-0192-M,"Long-Sleeve Logo Jersey, M",Multi,M,Long-Sleeve Logo Jersey,Jerseys,Clothing,OutDate
230,LJ-0192-M,"Long-Sleeve Logo Jersey, M",Multi,M,Long-Sleeve Logo Jersey,Jerseys,Clothing,OutDate
231,LJ-0192-M,"Long-Sleeve Logo Jersey, M",Multi,M,Long-Sleeve Logo Jersey,Jerseys,Clothing,Current
232,LJ-0192-L,"Long-Sleeve Logo Jersey, L",Multi,L,Long-Sleeve Logo Jersey,Jerseys,Clothing,OutDate
233,LJ-0192-L,"Long-Sleeve Logo Jersey, L",Multi,L,Long-Sleeve Logo Jersey,Jerseys,Clothing,OutDate
234,LJ-0192-L,"Long-Sleeve Logo Jersey, L",Multi,L,Long-Sleeve Logo Jersey,Jerseys,Clothing,Current
235,LJ-0192-X,"Long-Sleeve Logo Jersey, XL",Multi,XL,Long-Sleeve Logo Jersey,Jerseys,Clothing,OutDate
236,LJ-0192-X,"Long-Sleeve Logo Jersey, XL",Multi,XL,Long-Sleeve Logo Jersey,Jerseys,Clothing,OutDate
237,LJ-0192-X,"Long-Sleeve Logo Jersey, XL",Multi,XL,Long-Sleeve Logo Jersey,Jerseys,Clothing,Current
238,FR-R92R-62,"HL Road Frame - Red, 62",Red,62,HL Road Frame,Road Frames,Components,OutDate
239,FR-R92R-62,"HL Road Frame - Red, 62",Red,62,HL Road Frame,Road Frames,Components,OutDate
240,FR-R92R-62,"HL Road Frame - Red, 62",Red,62,HL Road Frame,Road Frames,Components,Current
241,FR-R92R-44,"HL Road Frame - Red, 44",Red,44,HL Road Frame,Road Frames,Components,OutDate
242,FR-R92R-44,"HL Road Frame - Red, 44",Red,44,HL Road Frame,Road Frames,Components,OutDate
243,FR-R92R-44,"HL Road Frame - Red, 44",Red,44,HL Road Frame,Road Frames,Components,Current
244,FR-R92R-48,"HL Road Frame - Red, 48",Red,48,HL Road Frame,Road Frames,Components,OutDate
245,FR-R92R-48,"HL Road Frame - Red, 48",Red,48,HL Road Frame,Road Frames,Components,OutDate
246,FR-R92R-48,"HL Road Frame - Red, 48",Red,48,HL Road Frame,Road Frames,Components,Current
247,FR-R92R-52,"HL Road Frame - Red, 52",Red,52,HL Road Frame,Road Frames,Components,OutDate
248,FR-R92R-52,"HL Road Frame - Red, 52",Red,52,HL Road Frame,Road Frames,Components,OutDate
249,FR-R92R-52,"HL Road Frame - Red, 52",Red,52,HL Road Frame,Road Frames,Components,Current
250,FR-R92R-56,"HL Road Frame - Red, 56",Red,56,HL Road Frame,Road Frames,Components,OutDate
251,FR-R92R-56,"HL Road Frame - Red, 56",Red,56,HL Road Frame,Road Frames,Components,OutDate
252,FR-R92R-56,"HL Road Frame - Red, 56",Red,56,HL Road Frame,Road Frames,Components,Current
253,FR-R38B-58,"LL Road Frame - Black, 58",Black,58,LL Road Frame,Road Frames,Components,OutDate
254,FR-R38B-58,"LL Road Frame - Black, 58",Black,58,LL Road Frame,Road Frames,Components,OutDate
255,FR-R38B-58,"LL Road Frame - Black, 58",Black,58,LL Road Frame,Road Frames,Components,Current
256,FR-R38B-60,"LL Road Frame - Black, 60",Black,60,LL Road Frame,Road Frames,Components,OutDate
257,FR-R38B-60,"LL Road Frame - Black, 60",Black,60,LL Road Frame,Road Frames,Components,OutDate
258,FR-R38B-60,"LL Road Frame - Black, 60",Black,60,LL Road Frame,Road Frames,Components,Current
259,FR-R38B-62,"LL Road Frame - Black, 62",Black,62,LL Road Frame,Road Frames,Components,OutDate
260,FR-R38B-62,"LL Road Frame - Black, 62",Black,62,LL Road Frame,Road Frames,Components,OutDate
261,FR-R38B-62,"LL Road Frame - Black, 62",Black,62,LL Road Frame,Road Frames,Components,Current
262,FR-R38R-44,"LL Road Frame - Red, 44",Red,44,LL Road Frame,Road Frames,Components,OutDate
263,FR-R38R-44,"LL Road Frame - Red, 44",Red,44,LL Road Frame,Road Frames,Components,OutDate
264,FR-R38R-48,"LL Road Frame - Red, 48",Red,48,LL Road Frame,Road Frames,Components,OutDate
265,FR-R38R-48,"LL Road Frame - Red, 48",Red,48,LL Road Frame,Road Frames,Components,OutDate
266,FR-R38R-52,"LL Road Frame - Red, 52",Red,52,LL Road Frame,Road Frames,Components,OutDate
267,FR-R38R-52,"LL Road Frame - Red, 52",Red,52,LL Road Frame,Road Frames,Components,OutDate
268,FR-R38R-58,"LL Road Frame - Red, 58",Red,58,LL Road Frame,Road Frames,Components,OutDate
269,FR-R38R-58,"LL Road Frame - Red, 58",Red,58,LL Road Frame,Road Frames,Components,OutDate
270,FR-R38R-60,"LL Road Frame - Red, 60",Red,60,LL Road Frame,Road Frames,Components,OutDate
271,FR-R38R-60,"LL Road Frame - Red, 60",Red,60,LL Road Frame,Road Frames,Components,OutDate
272,FR-R38R-62,"LL Road Frame - Red, 62",Red,62,LL Road Frame,Road Frames,Components,OutDate
273,FR-R38R-62,"LL Road Frame - Red, 62",Red,62,LL Road Frame,Road Frames,Components,OutDate
274,FR-R72R-44,"ML Road Frame - Red, 44",Red,44,ML Road Frame,Road Frames,Components,OutDate
275,FR-R72R-48,"ML Road Frame - Red, 48",Red,48,ML Road Frame,Road Frames,Components,OutDate
276,FR-R72R-52,"ML Road Frame - Red, 52",Red,52,ML Road Frame,Road Frames,Components,OutDate
277,FR-R72R-58,"ML Road Frame - Red, 58",Red,58,ML Road Frame,Road Frames,Components,OutDate
278,FR-R72R-60,"ML Road Frame - Red, 60",Red,60,ML Road Frame,Road Frames,Components,OutDate
279,FR-R38B-44,"LL Road Frame - Black, 44",Black,44,LL Road Frame,Road Frames,Components,OutDate
280,FR-R38B-44,"LL Road Frame - Black, 44",Black,44,LL Road Frame,Road Frames,Components,OutDate
281,FR-R38B-44,"LL Road Frame - Black, 44",Black,44,LL Road Frame,Road Frames,Components,Current
282,FR-R38B-48,"LL Road Frame - Black, 48",Black,48,LL Road Frame,Road Frames,Components,OutDate
283,FR-R38B-48,"LL Road Frame - Black, 48",Black,48,LL Road Frame,Road Frames,Components,OutDate
284,FR-R38B-48,"LL Road Frame - Black, 48",Black,48,LL Road Frame,Road Frames,Components,Current
285,FR-R38B-52,"LL Road Frame - Black, 52",Black,52,LL Road Frame,Road Frames,Components,OutDate
286,FR-R38B-52,"LL Road Frame - Black, 52",Black,52,LL Road Frame,Road Frames,Components,OutDate
287,FR-R38B-52,"LL Road Frame - Black, 52",Black,52,LL Road Frame,Road Frames,Components,Current
288,FR-M94S-42,"HL Mountain Frame - Silver, 42",Silver,42,HL Mountain Frame,Mountain Frames,Components,OutDate
289,FR-M94S-42,"HL Mountain Frame - Silver, 42",Silver,42,HL Mountain Frame,Mountain Frames,Components,OutDate
290,FR-M94S-42,"HL Mountain Frame - Silver, 42",Silver,42,HL Mountain Frame,Mountain Frames,Components,Current
291,FR-M94S-44,"HL Mountain Frame - Silver, 44",Silver,44,HL Mountain Frame,Mountain Frames,Components,OutDate
292,FR-M94S-52,"HL Mountain Frame - Silver, 48",Silver,48,HL Mountain Frame,Mountain Frames,Components,OutDate
293,FR-M94S-46,"HL Mountain Frame - Silver, 46",Silver,46,HL Mountain Frame,Mountain Frames,Components,OutDate
294,FR-M94S-46,"HL Mountain Frame - Silver, 46",Silver,46,HL Mountain Frame,Mountain Frames,Components,OutDate
295,FR-M94S-46,"HL Mountain Frame - Silver, 46",Silver,46,HL Mountain Frame,Mountain Frames,Components,Current
296,FR-M94B-42,"HL Mountain Frame - Black, 42",Black,42,HL Mountain Frame,Mountain Frames,Components,OutDate
297,FR-M94B-42,"HL Mountain Frame - Black, 42",Black,42,HL Mountain Frame,Mountain Frames,Components,OutDate
298,FR-M94B-42,"HL Mountain Frame - Black, 42",Black,42,HL Mountain Frame,Mountain Frames,Components,Current
299,FR-M94B-44,"HL Mountain Frame - Black, 44",Black,44,HL Mountain Frame,Mountain Frames,Components,OutDate
300,FR-M94B-48,"HL Mountain Frame - Black, 48",Black,48,HL Mountain Frame,Mountain Frames,Components,OutDate
301,FR-M94B-46,"HL Mountain Frame - Black, 46",Black,46,HL Mountain Frame,Mountain Frames,Components,OutDate
302,FR-M94B-46,"HL Mountain Frame - Black, 46",Black,46,HL Mountain Frame,Mountain Frames,Components,OutDate
303,FR-M94B-46,"HL Mountain Frame - Black, 46",Black,46,HL Mountain Frame,Mountain Frames,Components,Current
304,FR-M94B-38,"HL Mountain Frame - Black, 38",Black,38,HL Mountain Frame,Mountain Frames,Components,OutDate
305,FR-M94B-38,"HL Mountain Frame - Black, 38",Black,38,HL Mountain Frame,Mountain Frames,Components,OutDate
306,FR-M94B-38,"HL Mountain Frame - Black, 38",Black,38,HL Mountain Frame,Mountain Frames,Components,Current
307,FR-M94S-38,"HL Mountain Frame - Silver, 38",Silver,38,HL Mountain Frame,Mountain Frames,Components,OutDate
308,FR-M94S-38,"HL Mountain Frame - Silver, 38",Silver,38,HL Mountain Frame,Mountain Frames,Components,OutDate
309,FR-M94S-38,"HL Mountain Frame - Silver, 38",Silver,38,HL Mountain Frame,Mountain Frames,Components,Current
310,BK-R93R-62,"Road-150 Red, 62",Red,62,Road-150,Road Bikes,Bikes,OutDate
311,BK-R93R-44,"Road-150 Red, 44",Red,44,Road-150,Road Bikes,Bikes,OutDate
312,BK-R93R-48,"Road-150 Red, 48",Red,48,Road-150,Road Bikes,Bikes,OutDate
313,BK-R93R-52,"Road-150 Red, 52",Red,52,Road-150,Road Bikes,Bikes,OutDate
314,BK-R93R-56,"Road-150 Red, 56",Red,56,Road-150,Road Bikes,Bikes,OutDate
315,BK-R68R-58,"Road-450 Red, 58",Red,58,Road-450,Road Bikes,Bikes,OutDate
316,BK-R68R-60,"Road-450 Red, 60",Red,60,Road-450,Road Bikes,Bikes,OutDate
317,BK-R68R-44,"Road-450 Red, 44",Red,44,Road-450,Road Bikes,Bikes,OutDate
318,BK-R68R-48,"Road-450 Red, 48",Red,48,Road-450,Road Bikes,Bikes,OutDate
319,BK-R68R-52,"Road-450 Red, 52",Red,52,Road-450,Road Bikes,Bikes,OutDate
320,BK-R50R-58,"Road-650 Red, 58",Red,58,Road-650,Road Bikes,Bikes,OutDate
321,BK-R50R-58,"Road-650 Red, 58",Red,58,Road-650,Road Bikes,Bikes,OutDate
322,BK-R50R-60,"Road-650 Red, 60",Red,60,Road-650,Road Bikes,Bikes,OutDate
323,BK-R50R-60,"Road-650 Red, 60",Red,60,Road-650,Road Bikes,Bikes,OutDate
324,BK-R50R-62,"Road-650 Red, 62",Red,62,Road-650,Road Bikes,Bikes,OutDate
325,BK-R50R-62,"Road-650 Red, 62",Red,62,Road-650,Road Bikes,Bikes,OutDate
326,BK-R50R-44,"Road-650 Red, 44",Red,44,Road-650,Road Bikes,Bikes,OutDate
327,BK-R50R-44,"Road-650 Red, 44",Red,44,Road-650,Road Bikes,Bikes,OutDate
328,BK-R50R-48,"Road-650 Red, 48",Red,48,Road-650,Road Bikes,Bikes,OutDate
329,BK-R50R-48,"Road-650 Red, 48",Red,48,Road-650,Road Bikes,Bikes,OutDate
330,BK-R50R-52,"Road-650 Red, 52",Red,52,Road-650,Road Bikes,Bikes,OutDate
331,BK-R50R-52,"Road-650 Red, 52",Red,52,Road-650,Road Bikes,Bikes,OutDate
332,BK-R50B-58,"Road-650 Black, 58",Black,58,Road-650,Road Bikes,Bikes,OutDate
333,BK-R50B-58,"Road-650 Black, 58",Black,58,Road-650,Road Bikes,Bikes,OutDate
334,BK-R50B-60,"Road-650 Black, 60",Black,60,Road-650,Road Bikes,Bikes,OutDate
335,BK-R50B-60,"Road-650 Black, 60",Black,60,Road-650,Road Bikes,Bikes,OutDate
336,BK-R50B-62,"Road-650 Black, 62",Black,62,Road-650,Road Bikes,Bikes,OutDate
337,BK-R50B-62,"Road-650 Black, 62",Black,62,Road-650,Road Bikes,Bikes,OutDate
338,BK-R50B-44,"Road-650 Black, 44",Black,44,Road-650,Road Bikes,Bikes,OutDate
339,BK-R50B-44,"Road-650 Black, 44",Black,44,Road-650,Road Bikes,Bikes,OutDate
340,BK-R50B-48,"Road-650 Black, 48",Black,48,Road-650,Road Bikes,Bikes,OutDate
341,BK-R50B-48,"Road-650 Black, 48",Black,48,Road-650,Road Bikes,Bikes,OutDate
342,BK-R50B-52,"Road-650 Black, 52",Black,52,Road-650,Road Bikes,Bikes,OutDate
343,BK-R50B-52,"Road-650 Black, 52",Black,52,Road-650,Road Bikes,Bikes,OutDate
344,BK-M82S-38,"Mountain-100 Silver, 38",Silver,38,Mountain-100,Mountain Bikes,Bikes,OutDate
345,BK-M82S-42,"Mountain-100 Silver, 42",Silver,42,Mountain-100,Mountain Bikes,Bikes,OutDate
346,BK-M82S-44,"Mountain-100 Silver, 44",Silver,44,Mountain-100,Mountain Bikes,Bikes,OutDate
347,BK-M82S-48,"Mountain-100 Silver, 48",Silver,48,Mountain-100,Mountain Bikes,Bikes,OutDate
348,BK-M82B-38,"Mountain-100 Black, 38",Black,38,Mountain-100,Mountain Bikes,Bikes,OutDate
349,BK-M82B-42,"Mountain-100 Black, 42",Black,42,Mountain-100,Mountain Bikes,Bikes,OutDate
350,BK-M82B-44,"Mountain-100 Black, 44",Black,44,Mountain-100,Mountain Bikes,Bikes,OutDate
351,BK-M82B-48,"Mountain-100 Black, 48",Black,48,Mountain-100,Mountain Bikes,Bikes,OutDate
352,BK-M68S-38,"Mountain-200 Silver, 38",Silver,38,Mountain-200,Mountain Bikes,Bikes,OutDate
353,BK-M68S-38,"Mountain-200 Silver, 38",Silver,38,Mountain-200,Mountain Bikes,Bikes,Current
354,BK-M68S-42,"Mountain-200 Silver, 42",Silver,42,Mountain-200,Mountain Bikes,Bikes,OutDate
355,BK-M68S-42,"Mountain-200 Silver, 42",Silver,42,Mountain-200,Mountain Bikes,Bikes,Current
356,BK-M68S-46,"Mountain-200 Silver, 46",Silver,46,Mountain-200,Mountain Bikes,Bikes,OutDate
357,BK-M68S-46,"Mountain-200 Silver, 46",Silver,46,Mountain-200,Mountain Bikes,Bikes,Current
358,BK-M68B-38,"Mountain-200 Black, 38",Black,38,Mountain-200,Mountain Bikes,Bikes,OutDate
359,BK-M68B-38,"Mountain-200 Black, 38",Black,38,Mountain-200,Mountain Bikes,Bikes,Current
360,BK-M68B-42,"Mountain-200 Black, 42",Black,42,Mountain-200,Mountain Bikes,Bikes,OutDate
361,BK-M68B-42,"Mountain-200 Black, 42",Black,42,Mountain-200,Mountain Bikes,Bikes,Current
362,BK-M68B-46,"Mountain-200 Black, 46",Black,46,Mountain-200,Mountain Bikes,Bikes,OutDate
363,BK-M68B-46,"Mountain-200 Black, 46",Black,46,Mountain-200,Mountain Bikes,Bikes,Current
364,BK-M47B-38,"Mountain-300 Black, 38",Black,38,Mountain-300,Mountain Bikes,Bikes,OutDate
365,BK-M47B-40,"Mountain-300 Black, 40",Black,40,Mountain-300,Mountain Bikes,Bikes,OutDate
366,BK-M47B-44,"Mountain-300 Black, 44",Black,44,Mountain-300,Mountain Bikes,Bikes,OutDate
367,BK-M47B-48,"Mountain-300 Black, 48",Black,48,Mountain-300,Mountain Bikes,Bikes,OutDate
368,BK-R89R-44,"Road-250 Red, 44",Red,44,Road-250,Road Bikes,Bikes,OutDate
369,BK-R89R-48,"Road-250 Red, 48",Red,48,Road-250,Road Bikes,Bikes,OutDate
370,BK-R89R-52,"Road-250 Red, 52",Red,52,Road-250,Road Bikes,Bikes,OutDate
371,BK-R89R-58,"Road-250 Red, 58",Red,58,Road-250,Road Bikes,Bikes,OutDate
372,BK-R89R-58,"Road-250 Red, 58",Red,58,Road-250,Road Bikes,Bikes,Current
373,BK-R89B-44,"Road-250 Black, 44",Black,44,Road-250,Road Bikes,Bikes,OutDate
374,BK-R89B-44,"Road-250 Black, 44",Black,44,Road-250,Road Bikes,Bikes,Current
375,BK-R89B-48,"Road-250 Black, 48",Black,48,Road-250,Road Bikes,Bikes,OutDate
376,BK-R89B-48,"Road-250 Black, 48",Black,48,Road-250,Road Bikes,Bikes,Current
377,BK-R89B-52,"Road-250 Black, 52",Black,52,Road-250,Road Bikes,Bikes,OutDate
378,BK-R89B-52,"Road-250 Black, 52",Black,52,Road-250,Road Bikes,Bikes,Current
379,BK-R89B-58,"Road-250 Black, 58",Black,58,Road-250,Road Bikes,Bikes,OutDate
380,BK-R89B-58,"Road-250 Black, 58",Black,58,Road-250,Road Bikes,Bikes,Current
381,BK-R64Y-38,"Road-550-W Yellow, 38",Yellow,38,Road-550-W,Road Bikes,Bikes,OutDate
382,BK-R64Y-38,"Road-550-W Yellow, 38",Yellow,38,Road-550-W,Road Bikes,Bikes,Current
383,BK-R64Y-40,"Road-550-W Yellow, 40",Yellow,40,Road-550-W,Road Bikes,Bikes,OutDate
384,BK-R64Y-40,"Road-550-W Yellow, 40",Yellow,40,Road-550-W,Road Bikes,Bikes,Current
385,BK-R64Y-42,"Road-550-W Yellow, 42",Yellow,42,Road-550-W,Road Bikes,Bikes,OutDate
386,BK-R64Y-42,"Road-550-W Yellow, 42",Yellow,42,Road-550-W,Road Bikes,Bikes,Current
387,BK-R64Y-44,"Road-550-W Yellow, 44",Yellow,44,Road-550-W,Road Bikes,Bikes,OutDate
388,BK-R64Y-44,"Road-550-W Yellow, 44",Yellow,44,Road-550-W,Road Bikes,Bikes,Current
389,BK-R64Y-48,"Road-550-W Yellow, 48",Yellow,48,Road-550-W,Road Bikes,Bikes,OutDate
390,BK-R64Y-48,"Road-550-W Yellow, 48",Yellow,48,Road-550-W,Road Bikes,Bikes,Current
391,FK-1639,LL Fork,NA,Unknown,LL Fork,Forks,Components,OutDate
392,FK-5136,ML Fork,NA,Unknown,ML Fork,Forks,Components,OutDate
393,FK-9939,HL Fork,NA,Unknown,HL Fork,Forks,Components,OutDate
394,HS-0296,LL Headset,NA,Unknown,LL Headset,Headsets,Components,OutDate
395,HS-2451,ML Headset,NA,Unknown,ML Headset,Headsets,Components,OutDate
396,HS-3479,HL Headset,NA,Unknown,HL Headset,Headsets,Components,OutDate
397,HB-M243,LL Mountain Handlebars,NA,Unknown,LL Mountain Handlebars,Handlebars,Components,OutDate
398,HB-M243,LL Mountain Handlebars,NA,Unknown,LL Mountain Handlebars,Handlebars,Components,Current
399,HB-M763,ML Mountain Handlebars,NA,Unknown,ML Mountain Handlebars,Handlebars,Components,OutDate
400,HB-M763,ML Mountain Handlebars,NA,Unknown,ML Mountain Handlebars,Handlebars,Components,Current
401,HB-M918,HL Mountain Handlebars,NA,Unknown,HL Mountain Handlebars,Handlebars,Components,OutDate
402,HB-M918,HL Mountain Handlebars,NA,Unknown,HL Mountain Handlebars,Handlebars,Components,Current
403,HB-R504,LL Road Handlebars,NA,Unknown,LL Road Handlebars,Handlebars,Components,OutDate
404,HB-R504,LL Road Handlebars,NA,Unknown,LL Road Handlebars,Handlebars,Components,Current
405,HB-R720,ML Road Handlebars,NA,Unknown,ML Road Handlebars,Handlebars,Components,OutDate
406,HB-R720,ML Road Handlebars,NA,Unknown,ML Road Handlebars,Handlebars,Components,Current
407,HB-R956,HL Road Handlebars,NA,Unknown,HL Road Handlebars,Handlebars,Components,OutDate
408,HB-R956,HL Road Handlebars,NA,Unknown,HL Road Handlebars,Handlebars,Components,Current
409,FR-M63B-38,"ML Mountain Frame - Black, 38",Black,38,ML Mountain Frame-W,Mountain Frames,Components,OutDate
410,FW-M423,LL Mountain Front Wheel,Black,Unknown,LL Mountain Front Wheel,Wheels,Components,OutDate
411,FW-M762,ML Mountain Front Wheel,Black,Unknown,ML Mountain Front Wheel,Wheels,Components,OutDate
412,FW-M928,HL Mountain Front Wheel,Black,Unknown,HL Mountain Front Wheel,Wheels,Components,OutDate
413,FW-R623,LL Road Front Wheel,Black,Unknown,LL Road Front Wheel,Wheels,Components,OutDate
414,FW-R762,ML Road Front Wheel,Black,Unknown,ML Road Front Wheel,Wheels,Components,OutDate
415,FW-R820,HL Road Front Wheel,Black,Unknown,HL Road Front Wheel,Wheels,Components,OutDate
416,FW-T905,Touring Front Wheel,Black,Unknown,Touring Front Wheel,Wheels,Components,OutDate
417,FR-R72Y-38,"ML Road Frame-W - Yellow, 38",Yellow,38,ML Road Frame-W,Road Frames,Components,OutDate
418,FR-R72Y-38,"ML Road Frame-W - Yellow, 38",Yellow,38,ML Road Frame-W,Road Frames,Components,Current
419,RW-M423,LL Mountain Rear Wheel,Black,Unknown,LL Mountain Rear Wheel,Wheels,Components,OutDate
420,RW-M762,ML Mountain Rear Wheel,Black,Unknown,ML Mountain Rear Wheel,Wheels,Components,OutDate
421,RW-M928,HL Mountain Rear Wheel,Black,Unknown,HL Mountain Rear Wheel,Wheels,Components,OutDate
422,RW-R623,LL Road Rear Wheel,Black,Unknown,LL Road Rear Wheel,Wheels,Components,OutDate
423,RW-R762,ML Road Rear Wheel,Black,Unknown,ML Road Rear Wheel,Wheels,Components,OutDate
424,RW-R820,HL Road Rear Wheel,Black,Unknown,HL Road Rear Wheel,Wheels,Components,OutDate
425,RW-T905,Touring Rear Wheel,Black,Unknown,Touring Rear Wheel,Wheels,Components,OutDate
426,FR-M63B-40,"ML Mountain Frame - Black, 40",Black,40,ML Mountain Frame,Mountain Frames,Components,OutDate
427,FR-M63B-44,"ML Mountain Frame - Black, 44",Black,44,ML Mountain Frame,Mountain Frames,Components,OutDate
428,FR-M63B-48,"ML Mountain Frame - Black, 48",Black,48,ML Mountain Frame,Mountain Frames,Components,OutDate
429,FR-R72Y-40,"ML Road Frame-W - Yellow, 40",Yellow,40,ML Road Frame-W,Road Frames,Components,OutDate
430,FR-R72Y-40,"ML Road Frame-W - Yellow, 40",Yellow,40,ML Road Frame-W,Road Frames,Components,Current
431,FR-R72Y-42,"ML Road Frame-W - Yellow, 42",Yellow,42,ML Road Frame-W,Road Frames,Components,OutDate
432,FR-R72Y-42,"ML Road Frame-W - Yellow, 42",Yellow,42,ML Road Frame-W,Road Frames,Components,Current
433,FR-R72Y-44,"ML Road Frame-W - Yellow, 44",Yellow,44,ML Road Frame-W,Road Frames,Components,OutDate
434,FR-R72Y-44,"ML Road Frame-W - Yellow, 44",Yellow,44,ML Road Frame-W,Road Frames,Components,Current
435,FR-R72Y-48,"ML Road Frame-W - Yellow, 48",Yellow,48,ML Road Frame-W,Road Frames,Components,OutDate
436,FR-R72Y-48,"ML Road Frame-W - Yellow, 48",Yellow,48,ML Road Frame-W,Road Frames,Components,Current
437,FR-R92B-62,"HL Road Frame - Black, 62",Black,62,HL Road Frame,Road Frames,Components,OutDate
438,FR-R92B-62,"HL Road Frame - Black, 62",Black,62,HL Road Frame,Road Frames,Components,Current
439,FR-R92B-44,"HL Road Frame - Black, 44",Black,44,HL Road Frame,Road Frames,Components,OutDate
440,FR-R92B-44,"HL Road Frame - Black, 44",Black,44,HL Road Frame,Road Frames,Components,Current
441,FR-R92B-48,"HL Road Frame - Black, 48",Black,48,HL Road Frame,Road Frames,Components,OutDate
442,FR-R92B-48,"HL Road Frame - Black, 48",Black,48,HL Road Frame,Road Frames,Components,Current
443,FR-R92B-52,"HL Road Frame - Black, 52",Black,52,HL Road Frame,Road Frames,Components,OutDate
444,FR-R92B-52,"HL Road Frame - Black, 52",Black,52,HL Road Frame,Road Frames,Components,Current
445,SH-M897-S,"Men's Sports Shorts, S",Black,S,Men's Sports Shorts,Shorts,Clothing,OutDate
446,PA-T100,"Touring-Panniers, Large",Grey,Unknown,Touring-Panniers,Panniers,Accessories,OutDate
447,LO-C100,Cable Lock,NA,Unknown,Cable Lock,Locks,Accessories,OutDate
448,PU-0452,Minipump,NA,Unknown,Minipump,Pumps,Accessories,OutDate
449,PU-M044,Mountain Pump,NA,Unknown,Mountain Pump,Pumps,Accessories,OutDate
450,LT-T990,Taillights - Battery-Powered,NA,Unknown,Taillight,Lights,Accessories,OutDate
451,LT-H902,Headlights - Dual-Beam,NA,Unknown,Headlights - Dual-Beam,Lights,Accessories,OutDate
452,LT-H903,Headlights - Weatherproof,NA,Unknown,Headlights - Weatherproof,Lights,Accessories,OutDate
453,SH-M897-M,"Men's Sports Shorts, M",Black,M,Men's Sports Shorts,Shorts,Clothing,OutDate
454,SH-M897-L,"Men's Sports Shorts, L",Black,L,Men's Sports Shorts,Shorts,Clothing,OutDate
455,SH-M897-X,"Men's Sports Shorts, XL",Black,XL,Men's Sports Shorts,Shorts,Clothing,OutDate
456,TG-W091-S,"Women's Tights, S",Black,S,Women's Tights,Tights,Clothing,OutDate
457,TG-W091-M,"Women's Tights, M",Black,M,Women's Tights,Tights,Clothing,OutDate
458,TG-W091-L,"Women's Tights, L",Black,L,Women's Tights,Tights,Clothing,OutDate
459,SB-M891-S,"Men's Bib-Shorts, S",Multi,S,Men's Bib-Shorts,Bib-Shorts,Clothing,OutDate
460,SB-M891-M,"Men's Bib-Shorts, M",Multi,M,Men's Bib-Shorts,Bib-Shorts,Clothing,OutDate
461,SB-M891-L,"Men's Bib-Shorts, L",Multi,L,Men's Bib-Shorts,Bib-Shorts,Clothing,OutDate
462,GL-H102-S,"Half-Finger Gloves, S",Black,S,Half-Finger Gloves,Gloves,Clothing,OutDate
463,GL-H102-S,"Half-Finger Gloves, S",Black,S,Half-Finger Gloves,Gloves,Clothing,Current
464,GL-H102-M,"Half-Finger Gloves, M",Black,M,Half-Finger Gloves,Gloves,Clothing,OutDate
465,GL-H102-M,"Half-Finger Gloves, M",Black,M,Half-Finger Gloves,Gloves,Clothing,Current
466,GL-H102-L,"Half-Finger Gloves, L",Black,L,Half-Finger Gloves,Gloves,Clothing,OutDate
467,GL-H102-L,"Half-Finger Gloves, L",Black,L,Half-Finger Gloves,Gloves,Clothing,Current
468,GL-F110-S,"Full-Finger Gloves, S",Black,S,Full-Finger Gloves,Gloves,Clothing,OutDate
469,GL-F110-M,"Full-Finger Gloves, M",Black,M,Full-Finger Gloves,Gloves,Clothing,OutDate
470,GL-F110-L,"Full-Finger Gloves, L",Black,L,Full-Finger Gloves,Gloves,Clothing,OutDate
471,VE-C304-S,"Classic Vest, S",Blue,S,Classic Vest,Vests,Clothing,Current
472,VE-C304-M,"Classic Vest, M",Blue,M,Classic Vest,Vests,Clothing,Current
473,VE-C304-L,"Classic Vest, L",Blue,L,Classic Vest,Vests,Clothing,Current
474,SH-W890-S,"Women's Mountain Shorts, S",Black,S,Women's Mountain Shorts,Shorts,Clothing,Current
475,SH-W890-M,"Women's Mountain Shorts, M",Black,M,Women's Mountain Shorts,Shorts,Clothing,Current
476,SH-W890-L,"Women's Mountain Shorts, L",Black,L,Women's Mountain Shorts,Shorts,Clothing,Current
477,WB-H098,Water Bottle - 30 oz.,NA,Unknown,Water Bottle,Bottles and Cages,Accessories,Current
478,BC-M005,Mountain Bottle Cage,NA,Unknown,Mountain Bottle Cage,Bottles and Cages,Accessories,Current
479,BC-R205,Road Bottle Cage,NA,Unknown,Road Bottle Cage,Bottles and Cages,Accessories,Current
480,PK-7098,Patch Kit/8 Patches,NA,Unknown,Patch kit,Tires and Tubes,Accessories,Current
481,SO-R809-M,"Racing Socks, M",White,M,Racing Socks,Socks,Clothing,Current
482,SO-R809-L,"Racing Socks, L",White,L,Racing Socks,Socks,Clothing,Current
483,RA-H123,Hitch Rack - 4-Bike,NA,Unknown,Hitch Rack - 4-Bike,Bike Racks,Accessories,Current
484,CL-9009,Bike Wash - Dissolver,NA,Unknown,Bike Wash,Cleaners,Accessories,Current
485,FE-6654,Fender Set - Mountain,NA,Unknown,Fender Set - Mountain,Fenders,Accessories,Current
486,ST-1401,All-Purpose Bike Stand,NA,Unknown,All-Purpose Bike Stand,Bike Stands,Accessories,Current
487,HY-1023-70,Hydration Pack - 70 oz.,Silver,70,Hydration Pack,Hydration Packs,Accessories,Current
488,SJ-0194-S,"Short-Sleeve Classic Jersey, S",Yellow,S,Short-Sleeve Classic Jersey,Jerseys,Clothing,Current
489,SJ-0194-M,"Short-Sleeve Classic Jersey, M",Yellow,M,Short-Sleeve Classic Jersey,Jerseys,Clothing,Current
490,SJ-0194-L,"Short-Sleeve Classic Jersey, L",Yellow,L,Short-Sleeve Classic Jersey,Jerseys,Clothing,Current
491,SJ-0194-X,"Short-Sleeve Classic Jersey, XL",Yellow,XL,Short-Sleeve Classic Jersey,Jerseys,Clothing,Current
492,FR-T98Y-60,"HL Touring Frame - Yellow, 60",Yellow,60,HL Touring Frame,Touring Frames,Components,Current
493,FR-T67Y-62,"LL Touring Frame - Yellow, 62",Yellow,62,LL Touring Frame,Touring Frames,Components,Current
494,FR-T98Y-46,"HL Touring Frame - Yellow, 46",Yellow,46,HL Touring Frame,Touring Frames,Components,Current
495,FR-T98Y-50,"HL Touring Frame - Yellow, 50",Yellow,50,HL Touring Frame,Touring Frames,Components,Current
496,FR-T98Y-54,"HL Touring Frame - Yellow, 54",Yellow,54,HL Touring Frame,Touring Frames,Components,Current
497,FR-T98U-46,"HL Touring Frame - Blue, 46",Blue,46,HL Touring Frame,Touring Frames,Components,Current
498,FR-T98U-50,"HL Touring Frame - Blue, 50",Blue,50,HL Touring Frame,Touring Frames,Components,Current
499,FR-T98U-54,"HL Touring Frame - Blue, 54",Blue,54,HL Touring Frame,Touring Frames,Components,Current
500,FR-T98U-60,"HL Touring Frame - Blue, 60",Blue,60,HL Touring Frame,Touring Frames,Components,Current
501,RD-2308,Rear Derailleur,Silver,Unknown,Rear Derailleur,Derailleurs,Components,Current
502,FR-T67U-50,"LL Touring Frame - Blue, 50",Blue,50,LL Touring Frame,Touring Frames,Components,Current
503,FR-T67U-54,"LL Touring Frame - Blue, 54",Blue,54,LL Touring Frame,Touring Frames,Components,Current
504,FR-T67U-58,"LL Touring Frame - Blue, 58",Blue,58,LL Touring Frame,Touring Frames,Components,Current
505,FR-T67U-62,"LL Touring Frame - Blue, 62",Blue,62,LL Touring Frame,Touring Frames,Components,Current
506,FR-T67Y-44,"LL Touring Frame - Yellow, 44",Yellow,44,LL Touring Frame,Touring Frames,Components,Current
507,FR-T67Y-50,"LL Touring Frame - Yellow, 50",Yellow,50,LL Touring Frame,Touring Frames,Components,Current
508,FR-T67Y-54,"LL Touring Frame - Yellow, 54",Yellow,54,LL Touring Frame,Touring Frames,Components,Current
509,FR-T67Y-58,"LL Touring Frame - Yellow, 58",Yellow,58,LL Touring Frame,Touring Frames,Components,Current
510,FR-T67U-44,"LL Touring Frame - Blue, 44",Blue,44,LL Touring Frame,Touring Frames,Components,Current
511,FR-M63S-40,"ML Mountain Frame-W - Silver, 40",Silver,40,ML Mountain Frame-W,Mountain Frames,Components,Current
512,FR-M63S-42,"ML Mountain Frame-W - Silver, 42",Silver,42,ML Mountain Frame-W,Mountain Frames,Components,Current
513,FR-M63S-46,"ML Mountain Frame-W - Silver, 46",Silver,46,ML Mountain Frame-W,Mountain Frames,Components,Current
514,RB-9231,Rear Brakes,Silver,Unknown,Rear Brakes,Brakes,Components,Current
515,SE-M236,LL Mountain Seat/Saddle,NA,Unknown,LL Mountain Seat/Saddle 2,Saddles,Components,Current
516,SE-M798,ML Mountain Seat/Saddle,NA,Unknown,ML Mountain Seat/Saddle 2,Saddles,Components,Current
517,SE-M940,HL Mountain Seat/Saddle,NA,Unknown,HL Mountain Seat/Saddle 2,Saddles,Components,Current
518,SE-R581,LL Road Seat/Saddle,NA,Unknown,LL Road Seat/Saddle 1,Saddles,Components,Current
519,SE-R908,ML Road Seat/Saddle,NA,Unknown,ML Road Seat/Saddle 2,Saddles,Components,Current
520,SE-R995,HL Road Seat/Saddle,NA,Unknown,HL Road Seat/Saddle 2,Saddles,Components,Current
521,SE-T312,LL Touring Seat/Saddle,NA,Unknown,LL Touring Seat/Saddle,Saddles,Components,Current
522,SE-T762,ML Touring Seat/Saddle,NA,Unknown,ML Touring Seat/Saddle,Saddles,Components,Current
523,SE-T924,HL Touring Seat/Saddle,NA,Unknown,HL Touring Seat/Saddle,Saddles,Components,Current
524,FR-M21S-42,"LL Mountain Frame - Silver, 42",Silver,42,LL Mountain Frame,Mountain Frames,Components,Current
525,FR-M21S-44,"LL Mountain Frame - Silver, 44",Silver,44,LL Mountain Frame,Mountain Frames,Components,Current
526,FR-M21S-48,"LL Mountain Frame - Silver, 48",Silver,48,LL Mountain Frame,Mountain Frames,Components,Current
527,FR-M21S-52,"LL Mountain Frame - Silver, 52",Silver,52,LL Mountain Frame,Mountain Frames,Components,Current
528,TT-M928,Mountain Tire Tube,NA,Unknown,Mountain Tire Tube,Tires and Tubes,Accessories,Current
529,TT-R982,Road Tire Tube,NA,Unknown,Road Tire Tube,Tires and Tubes,Accessories,Current
530,TT-T092,Touring Tire Tube,NA,Unknown,Touring Tire Tube,Tires and Tubes,Accessories,Current
531,FR-M21B-42,"LL Mountain Frame - Black, 42",Black,42,LL Mountain Frame,Mountain Frames,Components,Current
532,FR-M21B-44,"LL Mountain Frame - Black, 44",Black,44,LL Mountain Frame,Mountain Frames,Components,Current
533,FR-M21B-48,"LL Mountain Frame - Black, 48",Black,48,LL Mountain Frame,Mountain Frames,Components,Current
534,FR-M21B-52,"LL Mountain Frame - Black, 52",Black,52,LL Mountain Frame,Mountain Frames,Components,Current
535,TI-M267,LL Mountain Tire,NA,Unknown,LL Mountain Tire,Tires and Tubes,Accessories,Current
536,TI-M602,ML Mountain Tire,NA,Unknown,ML Mountain Tire,Tires and Tubes,Accessories,Current
537,TI-M823,HL Mountain Tire,NA,Unknown,HL Mountain Tire,Tires and Tubes,Accessories,Current
538,TI-R092,LL Road Tire,NA,Unknown,LL Road Tire,Tires and Tubes,Accessories,Current
539,TI-R628,ML Road Tire,NA,Unknown,ML Road Tire,Tires and Tubes,Accessories,Current
540,TI-R982,HL Road Tire,NA,Unknown,HL Road Tire,Tires and Tubes,Accessories,Current
541,TI-T723,Touring Tire,NA,Unknown,Touring Tire,Tires and Tubes,Accessories,Current
542,PD-M282,LL Mountain Pedal,Silver/Black,Unknown,LL Mountain Pedal,Pedals,Components,Current
543,PD-M340,ML Mountain Pedal,Silver/Black,Unknown,ML Mountain Pedal,Pedals,Components,Current
544,PD-M562,HL Mountain Pedal,Silver/Black,Unknown,HL Mountain Pedal,Pedals,Components,Current
545,PD-R347,LL Road Pedal,Silver/Black,Unknown,LL Road Pedal,Pedals,Components,Current
546,PD-R563,ML Road Pedal,Silver/Black,Unknown,ML Road Pedal,Pedals,Components,Current
547,PD-R853,HL Road Pedal,Silver/Black,Unknown,HL Road Pedal,Pedals,Components,Current
548,PD-T852,Touring Pedal,Silver/Black,Unknown,Touring Pedal,Pedals,Components,Current
549,FR-M63S-38,"ML Mountain Frame-W - Silver, 38",Silver,38,ML Mountain Frame-W,Mountain Frames,Components,Current
550,FR-M21B-40,"LL Mountain Frame - Black, 40",Black,40,LL Mountain Frame,Mountain Frames,Components,Current
551,FR-M21S-40,"LL Mountain Frame - Silver, 40",Silver,40,LL Mountain Frame,Mountain Frames,Components,Current
552,FD-2342,Front Derailleur,Silver,Unknown,Front Derailleur,Derailleurs,Components,Current
553,HB-T721,LL Touring Handlebars,NA,Unknown,LL Touring Handlebars,Handlebars,Components,Current
554,HB-T928,HL Touring Handlebars,NA,Unknown,HL Touring Handlebars,Handlebars,Components,Current
555,FB-9873,Front Brakes,Silver,Unknown,Front Brakes,Brakes,Components,Current
556,CS-4759,LL Crankset,Black,Unknown,LL Crankset,Cranksets,Components,Current
557,CS-6583,ML Crankset,Black,Unknown,ML Crankset,Cranksets,Components,Current
558,CS-9183,HL Crankset,Black,Unknown,HL Crankset,Cranksets,Components,Current
559,CH-0234,Chain,Silver,Unknown,Chain,Chains,Components,Current
560,BK-T44U-60,"Touring-2000 Blue, 60",Blue,60,Touring-2000,Touring Bikes,Bikes,Current
561,BK-T79Y-46,"Touring-1000 Yellow, 46",Yellow,46,Touring-1000,Touring Bikes,Bikes,Current
562,BK-T79Y-50,"Touring-1000 Yellow, 50",Yellow,50,Touring-1000,Touring Bikes,Bikes,Current
563,BK-T79Y-54,"Touring-1000 Yellow, 54",Yellow,54,Touring-1000,Touring Bikes,Bikes,Current
564,BK-T79Y-60,"Touring-1000 Yellow, 60",Yellow,60,Touring-1000,Touring Bikes,Bikes,Current
565,BK-T18U-54,"Touring-3000 Blue, 54",Blue,54,Touring-3000,Touring Bikes,Bikes,Current
566,BK-T18U-58,"Touring-3000 Blue, 58",Blue,58,Touring-3000,Touring Bikes,Bikes,Current
567,BK-T18U-62,"Touring-3000 Blue, 62",Blue,62,Touring-3000,Touring Bikes,Bikes,Current
568,BK-T18Y-44,"Touring-3000 Yellow, 44",Yellow,44,Touring-3000,Touring Bikes,Bikes,Current
569,BK-T18Y-50,"Touring-3000 Yellow, 50",Yellow,50,Touring-3000,Touring Bikes,Bikes,Current
570,BK-T18Y-54,"Touring-3000 Yellow, 54",Yellow,54,Touring-3000,Touring Bikes,Bikes,Current
571,BK-T18Y-58,"Touring-3000 Yellow, 58",Yellow,58,Touring-3000,Touring Bikes,Bikes,Current
572,BK-T18Y-62,"Touring-3000 Yellow, 62",Yellow,62,Touring-3000,Touring Bikes,Bikes,Current
573,BK-T79U-46,"Touring-1000 Blue, 46",Blue,46,Touring-1000,Touring Bikes,Bikes,Current
574,BK-T79U-50,"Touring-1000 Blue, 50",Blue,50,Touring-1000,Touring Bikes,Bikes,Current
575,BK-T79U-54,"Touring-1000 Blue, 54",Blue,54,Touring-1000,Touring Bikes,Bikes,Current
576,BK-T79U-60,"Touring-1000 Blue, 60",Blue,60,Touring-1000,Touring Bikes,Bikes,Current
577,BK-T44U-46,"Touring-2000 Blue, 46",Blue,46,Touring-2000,Touring Bikes,Bikes,Current
578,BK-T44U-50,"Touring-2000 Blue, 50",Blue,50,Touring-2000,Touring Bikes,Bikes,Current
579,BK-T44U-54,"Touring-2000 Blue, 54",Blue,54,Touring-2000,Touring Bikes,Bikes,Current
580,BK-R79Y-40,"Road-350-W Yellow, 40",Yellow,40,Road-350-W,Road Bikes,Bikes,Current
581,BK-R79Y-42,"Road-350-W Yellow, 42",Yellow,42,Road-350-W,Road Bikes,Bikes,Current
582,BK-R79Y-44,"Road-350-W Yellow, 44",Yellow,44,Road-350-W,Road Bikes,Bikes,Current
583,BK-R79Y-48,"Road-350-W Yellow, 48",Yellow,48,Road-350-W,Road Bikes,Bikes,Current
584,BK-R19B-58,"Road-750 Black, 58",Black,58,Road-750,Road Bikes,Bikes,Current
585,BK-T18U-44,"Touring-3000 Blue, 44",Blue,44,Touring-3000,Touring Bikes,Bikes,Current
586,BK-T18U-50,"Touring-3000 Blue, 50",Blue,50,Touring-3000,Touring Bikes,Bikes,Current
587,BK-M38S-38,"Mountain-400-W Silver, 38",Silver,38,Mountain-400-W,Mountain Bikes,Bikes,Current
588,BK-M38S-40,"Mountain-400-W Silver, 40",Silver,40,Mountain-400-W,Mountain Bikes,Bikes,Current
589,BK-M38S-42,"Mountain-400-W Silver, 42",Silver,42,Mountain-400-W,Mountain Bikes,Bikes,Current
590,BK-M38S-46,"Mountain-400-W Silver, 46",Silver,46,Mountain-400-W,Mountain Bikes,Bikes,Current
591,BK-M18S-40,"Mountain-500 Silver, 40",Silver,40,Mountain-500,Mountain Bikes,Bikes,Current
592,BK-M18S-42,"Mountain-500 Silver, 42",Silver,42,Mountain-500,Mountain Bikes,Bikes,Current
593,BK-M18S-44,"Mountain-500 Silver, 44",Silver,44,Mountain-500,Mountain Bikes,Bikes,Current
594,BK-M18S-48,"Mountain-500 Silver, 48",Silver,48,Mountain-500,Mountain Bikes,Bikes,Current
595,BK-M18S-52,"Mountain-500 Silver, 52",Silver,52,Mountain-500,Mountain Bikes,Bikes,Current
596,BK-M18B-40,"Mountain-500 Black, 40",Black,40,Mountain-500,Mountain Bikes,Bikes,Current
597,BK-M18B-42,"Mountain-500 Black, 42",Black,42,Mountain-500,Mountain Bikes,Bikes,Current
598,BK-M18B-44,"Mountain-500 Black, 44",Black,44,Mountain-500,Mountain Bikes,Bikes,Current
599,BK-M18B-48,"Mountain-500 Black, 48",Black,48,Mountain-500,Mountain Bikes,Bikes,Current
600,BK-M18B-52,"Mountain-500 Black, 52",Black,52,Mountain-500,Mountain Bikes,Bikes,Current
601,BB-7421,LL Bottom Bracket,NA,Unknown,LL Bottom Bracket,Bottom Brackets,Components,Current
602,BB-8107,ML Bottom Bracket,NA,Unknown,ML Bottom Bracket,Bottom Brackets,Components,Current
603,BB-9108,HL Bottom Bracket,NA,Unknown,HL Bottom Bracket,Bottom Brackets,Components,Current
604,BK-R19B-44,"Road-750 Black, 44",Black,44,Road-750,Road Bikes,Bikes,Current
605,BK-R19B-48,"Road-750 Black, 48",Black,48,Road-750,Road Bikes,Bikes,Current
606,BK-R19B-52,"Road-750 Black, 52",Black,52,Road-750,Road Bikes,Bikes,Current
